{
  "selectedManager": "",
  "managers": [
    {
      "managername": "Joe McRoy",
      "managerid": "1"
    },
    {
      "managername": "John David",
      "managerid": "2"
    }
  ],
  "buyers": [
    {
      "name": "Joe McRoy",
      "id": "1"
    },
    {
      "name": "John David",
      "id": "2"
    }
  ],
  "suppliers": [
    {
      "name": "Joe McRoy",
      "id": "1"
    },
    {
      "name": "John David",
      "id": "2"
    }
  ],
  "sbus": [
    {
      "name": "Joe McRoy",
      "id": "1"
    },
    {
      "name": "John David",
      "id": "2"
    }
  ],
  "plannedoptions": [
    {
      "name": "Joe McRoy",
      "id": "1"
    },
    {
      "name": "John David",
      "id": "2"
    }
  ],
  "showprojections": [
    {
      "name": "Joe McRoy",
      "id": "1"
    },
    {
      "name": "John David",
      "id": "2"
    }
  ],
  "familygroups": [
    {
      "name": "Joe McRoy",
      "id": "1"
    },
    {
      "name": "John David",
      "id": "2"
    }
  ]
}